epoch,num_episodes,total_reward,reward_per_epoch,mean_q
1,502,163700,326.09561753,0.816446597339
2,463,182200,393.520518359,1.33219627938
3,387,239650,619.250645995,1.3911739272
4,304,252600,830.921052632,1.73791168909
5,183,315750,1725.40983607,2.3265995933
6,125,284600,2276.8,2.96869979386
7,113,289600,2562.83185841,3.8896172694
8,132,306750,2323.86363636,4.22707147068
9,148,325000,2195.94594595,4.84750446002
10,134,329850,2461.56716418,4.89908188238
