epoch,num_episodes,total_reward,reward_per_epoch,mean_q
1,575,1243,2.16173913043,0.496217710141
2,164,3647,22.237804878,1.11821277553
3,121,4612,38.1157024793,1.37550712536
4,99,5242,52.9494949495,1.82346099067
5,94,5932,63.1063829787,2.14843494636
