epoch,num_episodes,total_reward,reward_per_epoch,mean_q
1,244,676,2.77049180328,0.580066800117
2,254,281,1.1062992126,0.373771935701
3,257,258,1.00389105058,0.27905267477
4,226,572,2.53097345133,0.223437905312
