epoch,num_episodes,total_reward,reward_per_epoch,mean_q
1,207,16320,78.8405797101,0.300012566177
2,97,37100,382.474226804,0.84630488165
3,99,42480,429.090909091,1.47423723185
4,125,38820,310.56,1.9327005932
5,139,40040,288.057553957,2.16332477592
6,80,42800,535.0,2.38095274566
7,121,42340,349.917355372,2.45494002753
8,87,42780,491.724137931,2.57033163381
9,108,44200,409.259259259,2.54102362603
10,94,45260,481.489361702,2.67841795348
