epoch,num_episodes,total_reward,reward_per_epoch,mean_q
1,262,806,3.07633587786,0.522305981051
2,559,1404,2.51162790698,0.47949633552
3,201,2806,13.960199005,0.870025340137
