epoch,num_episodes,total_reward,reward_per_epoch,mean_q
1,104,2370,22.7884615385,5.13931996172
2,55,4074,74.0727272727,5.69683473814
3,55,4219,76.7090909091,5.44578731511
4,54,4502,83.3703703704,5.46133190114
5,56,4633,82.7321428571,5.24437890876
6,54,4575,84.7222222222,5.15819213161
