epoch,num_episodes,total_reward,reward_per_epoch,mean_q
1,108,1637600,15162.962963,0.807139542527
2,125,1634500,13076.0,1.17213044277
3,127,1509600,11886.6141732,1.54900497861
4,130,1246800,9590.76923077,1.72070602923
5,90,1780000,19777.7777778,1.75149863856
6,111,1376800,12403.6036036,1.80297119781
7,111,1491800,13439.6396396,1.83657194623
8,101,1542100,15268.3168317,1.98208661003
9,116,1369700,11807.7586207,2.0331614023
