epoch,num_episodes,total_reward,reward_per_epoch,mean_q
1,173,45325,261.994219653,0.525445342064
2,184,48080,261.304347826,0.790854275227
3,246,7490,30.4471544715,0.942190647125
4,280,7155,25.5535714286,1.05900371075
