epoch,num_episodes,total_reward,reward_per_epoch,mean_q
1,208,36530,175.625,-0.491502298658
2,207,39820,192.367149758,0.28930926725
3,233,36770,157.811158798,0.952991299977
4,226,51285,226.924778761,1.46817668024
5,184,54110,294.076086957,1.97040259586
6,209,55090,263.588516746,2.41130394087
7,176,56880,323.181818182,2.78849495049
8,212,50460,238.018867925,3.17098626707
9,201,54690,272.089552239,3.75669434505
10,203,52530,258.768472906,3.81309000839
