epoch,num_episodes,total_reward,reward_per_epoch,mean_q
1,40,332500,8312.5,1.36415898753
2,13,180900,13915.3846154,3.2594446735
3,21,433200,20628.5714286,4.95143782539
4,37,822200,22221.6216216,6.29731741286
5,41,1140900,27826.8292683,7.80271641772
6,43,1438100,33444.1860465,8.87677741088
7,44,1316900,29929.5454545,9.65513560197
8,26,1305700,50219.2307692,10.4204624369
9,44,1702800,38700.0,11.1730492041
10,45,1867400,41497.7777778,11.526705992
