epoch,num_episodes,total_reward,reward_per_epoch,mean_q
1,149,-3126,-20.9798657718,0.356181770563
2,164,-3444,-21.0,-0.213739335537
3,149,-3127,-20.9865771812,-0.643349766731
4,164,-3444,-21.0,-0.98031193018
