epoch,num_episodes,total_reward,reward_per_epoch,mean_q
1,415,475,1.14457831325,0.525626941714
2,617,1401,2.27066450567,0.764290813566
3,251,3397,13.5338645418,1.01992891714
4,200,3596,17.98,1.64016503284
