epoch,num_episodes,total_reward,reward_per_epoch,mean_q
1,197,817500,4149.74619289,0.434647142887
2,197,790900,4014.72081218,0.765621423721
3,197,775500,3936.54822335,0.969291508198
4,274,456000,1664.23357664,1.06178700924
