epoch,num_episodes,total_reward,reward_per_epoch,mean_q
1,349,653,1.87106017192,0.489853308797
2,594,1316,2.21548821549,0.521462908152
3,294,2355,8.01020408163,0.646418675284
4,205,3186,15.5414634146,1.05129491657
5,181,3510,19.3922651934,1.46128058132
6,137,4130,30.1459854015,1.78990730389
7,115,4939,42.947826087,2.12965320807
8,104,5717,54.9711538462,2.42254578996
9,102,6118,59.9803921569,2.80031085344
10,96,6228,64.875,2.97756077662
