epoch,num_episodes,total_reward,reward_per_epoch,mean_q
1,277,14560,52.5631768953,0.32552133522
2,167,32440,194.251497006,0.767585188693
3,176,38280,217.5,1.79293075847
4,146,37780,258.767123288,2.5506519837
5,166,35400,213.253012048,3.08070669097
6,129,39940,309.612403101,3.57782124921
7,146,33400,228.767123288,3.80595378433
8,134,38860,290.0,3.86230607102
9,123,44660,363.089430894,3.80827116068
