epoch,num_episodes,total_reward,reward_per_epoch,mean_q
1,717,1032,1.43933054393,0.431281256527
2,596,1322,2.21812080537,0.483790949641
3,354,1556,4.39548022599,0.586900390133
4,212,3170,14.9528301887,1.0327046431
5,176,4052,23.0227272727,1.40923686577
6,151,4214,27.9072847682,1.73278260011
7,125,5449,43.592,2.05499238058
