epoch,num_episodes,total_reward,reward_per_epoch,mean_q
1,194,34720,178.969072165,0.420920109786
2,270,48895,181.092592593,0.838135825787
3,208,47685,229.254807692,1.40811802162
4,193,60640,314.196891192,2.32072419971
5,183,65935,360.300546448,2.74257300082
6,179,66465,371.312849162,3.0886719824
7,165,69295,419.96969697,3.27903525149
8,163,74390,456.380368098,3.50433824914
9,158,76950,487.025316456,3.81385316683
10,149,72740,488.187919463,4.06969627279
11,153,70650,461.764705882,4.39372152406
