epoch,num_episodes,total_reward,reward_per_epoch,mean_q
1,37,0,0.0,0.226795553518
2,37,0,0.0,0.207397324145
3,37,0,0.0,0.19117869555
4,37,10,0.27027027027,0.204025311964
5,37,427,11.5405405405,0.266521300725
6,37,2970,80.2702702703,0.62289132723
7,37,3053,82.5135135135,1.44944810643
8,37,3391,91.6486486486,2.43887318371
9,37,4090,110.540540541,3.04825374648
10,37,4683,126.567567568,3.41468199696
