epoch,num_episodes,total_reward,reward_per_epoch,mean_q
1,87,3408,39.1724137931,3.44266862097
2,58,4628,79.7931034483,3.7457595001
3,52,4885,93.9423076923,3.5133659575
