epoch,num_episodes,total_reward,reward_per_epoch,mean_q
1,79,4800,60.7594936709,0.312935203314
2,155,21660,139.741935484,0.414288491011
3,158,21620,136.835443038,0.5311165452
4,1,0,0.0,0.562579572201
